"","rID","quality","date","day","month","year","season","xdd","ydd","xm","ym","name","dateF","start","leapYear","dayOfYear","dayD","dist","daysToFindFrom"
"17",17,5,"10/1/07",10,"Jan","2007","Verano",-69.3654,-36.0065,-818.019,-470.632,"caro514",10-01-07,"noStart",FALSE,9,21,4445.96502460377,9
"18",18,4,"18/1/07",18,"Jan","2007","Verano",-69.2605,-36.0793,-808.353,-478.116,"caro514",18-01-07,"noStart",FALSE,17,8,12224.6395447882,17
"19",19,5,"26/1//07",26,"Jan","2007","Verano",-69.3982,-36.0579,-820.509,-476.515,"caro514",26-01-07,"noStart",FALSE,25,8,12260.9761846274,25
"20",20,5,"30/1/07",30,"Jan","2007","Verano",-69.3756,-36.0206,-818.801,-472.25,"caro514",30-01-07,"noStart",FALSE,29,4,4594.28873711699,29
"21",21,5,"13/2/07",13,"Feb","2007","Verano",-69.2228,-36.028,-805.425,-472.222,"caro514",13-02-07,"noStart",FALSE,43,14,13376.029306188,43
"22",22,2,"14/2/07",14,"Feb","2007","Verano",-69.2222,-36.0713,-805.072,-477.016,"caro514",14-02-07,"noStart",FALSE,44,1,4806.97878089762,44
"23",23,2,"20/2/07",20,"Feb","2007","Verano",-69.2245,-36.0548,-805.386,-475.198,"caro514",20-02-07,"noStart",FALSE,50,6,1844.91734232187,50
"24",24,1,"28/2/07",28,"Feb","2007","Verano",-69.2473,-36.0297,-807.551,-472.546,"caro514",28-02-07,"noStart",FALSE,58,8,3423.49660435059,58
"26",26,2,"6/3/07",6,"Mar","2007","Verano",-69.2999,-36.0323,-812.121,-473.131,"caro514",06-03-07,"noStart",FALSE,64,97,3026.1568036042,64
"27",27,3,"9/3/07",9,"Mar","2007","Verano",-69.2168,-36.0434,-804.795,-473.898,"caro514",09-03-07,"noStart",FALSE,67,3,7366.04133846668,67
"28",28,1,"13/3/07",13,"Mar","2007","Verano",-69.3047,-36.0917,-812.117,-479.732,"caro514",13-03-07,"noStart",FALSE,71,4,9362.0104678429,71
"29",29,1,"14/3/07",14,"Mar","2007","Verano",-69.2721,-36.0301,-809.713,-472.724,"caro514",14-03-07,"noStart",FALSE,72,1,7408.86496030262,72
"30",30,3,"19/3/07",19,"Mar","2007","Verano",-69.2832,-36.0294,-810.684,-472.709,"caro514",19-03-07,"noStart",FALSE,77,5,971.115853026816,77
"31",31,3,"27/3/07",27,"Mar","2007","Oto켹",-69.2479,-36.0411,-807.521,-473.817,"caro514",27-03-07,"noStart",FALSE,85,8,3351.45237173378,85
"32",32,5,"2/4/07",2,"Apr","2007","Oto켹",-69.2675,-36.0548,-809.136,-475.443,"caro514",02-04-07,"noStart",FALSE,91,6,2291.74627740507,91
"33",33,5,"3/4/07",3,"Apr","2007","Oto켹",-69.2557,-36.0542,-808.114,-475.302,"caro514",03-04-07,"noStart",FALSE,92,1,1031.68066764867,92
"34",34,6,"10/4/07",10,"Apr","2007","Oto켹",-69.2571,-36.0472,-808.284,-474.542,"caro514",10-04-07,"noStart",FALSE,99,7,778.781098897501,99
"35",35,5,"12/4/07",12,"Apr","2007","Oto켹",-69.2669,-36.0543,-809.089,-475.378,"caro514",12-04-07,"noStart",FALSE,101,2,1160.56925687354,101
"36",36,5,"17/4/07",17,"Apr","2007","Oto켹",-69.2531,-35.9919,-808.318,-468.397,"caro514",17-04-07,"noStart",FALSE,106,5,7023.44658981614,106
"37",37,5,"19/4/07",19,"Apr","2007","Oto켹",-69.2276,-36.0188,-805.906,-471.226,"caro514",19-04-07,"noStart",FALSE,108,2,3717.65853730544,108
"38",38,4,"24/4/07",24,"Apr","2007","Oto켹",-69.2463,-35.9481,-808.035,-463.508,"caro514",24-04-07,"noStart",FALSE,113,5,8006.2578649454,113
"39",39,5,"1/5/07",1,"May","2007","Oto켹",-69.2422,-36.0037,-807.289,-469.635,"caro514",01-05-07,"noStart",FALSE,120,7,6172.24796974328,120
"40",40,5,"3/5/07",3,"May","2007","Oto켹",-69.2196,-35.9686,-805.566,-465.623,"caro514",03-05-07,"noStart",FALSE,122,2,4366.33404585586,122
"41",41,3,"8/5/07",8,"May","2007","Oto켹",-69.187,-35.9535,-802.826,-463.777,"caro514",08-05-07,"noStart",FALSE,127,5,3303.83353091526,127
"42",42,2,"10/5/07",10,"May","2007","Oto켹",-69.1912,-35.9945,-802.905,-468.336,"caro514",10-05-07,"noStart",FALSE,129,2,4559.68441890445,129
"43",43,2,"15/5/07",15,"May","2007","Oto켹",-69.2572,-35.9843,-808.735,-467.57,"caro514",15-05-07,"noStart",FALSE,134,5,5880.10680175114,134
"44",44,5,"17/5/07",17,"May","2007","Oto켹",-69.2271,-35.9475,-806.367,-463.331,"caro514",17-05-07,"noStart",FALSE,136,2,4855.56845281786,136
"45",45,2,"22/5/07",22,"May","2007","Oto켹",-69.2229,-35.9659,-805.874,-465.344,"caro514",22-05-07,"noStart",FALSE,141,5,2072.49077199393,141
"46",46,2,"6/6/07",6,"Jun","2007","Oto켹",-68.8827,-36.2073,-774.552,-490.243,"caro514",06-06-07,"noStart",FALSE,156,15,40012.8464995931,156
"47",47,4,"29/8/07",29,"Aug","2007","Invierno07",-69.2128,-36.5474,-800.919,-529.691,"caro514",29-08-07,"noStart",FALSE,240,84,47448.5341501716,240
"48",48,2,"2/9/07",2,"Sep","2007","Invierno07",-68.6829,-36.3998,-755.888,-510.513,"caro514",02-09-07,"noStart",FALSE,244,4,48944.7305131002,244
"49",49,5,"11/9/07",11,"Sep","2007","Invierno07",-68.7816,-36.2561,-765.422,-495.115,"caro514",11-09-07,"noStart",FALSE,253,9,18110.6476968661,253
"50",50,5,"7/8/07",7,"Aug","2007","Invierno07",-68.8052,-36.6242,-765.015,-536.01,"caro514",07-08-07,"noStart",FALSE,218,-35,40897.0252463428,218
"51",51,5,"27/9/07",27,"Sep","2007","Primavera07",-68.818,-36.3151,-768.201,-501.836,"caro514",27-09-07,"noStart",FALSE,269,51,34322.1921211335,269
"52",52,2,"4/10/07",4,"Oct","2007","Primavera07",-69.0803,-36.1748,-791.989,-487.707,"caro514",04-10-07,"noStart",FALSE,276,7,27667.6270214849,276
"53",53,2,"23/11/07",23,"Nov","2007","Primavera07",-69.1642,-36.0566,-800.118,-475.071,"caro514",23-11-07,"noStart",FALSE,326,50,15024.9504824475,326
"54",54,5,"24/10/07",24,"Oct","2007","Primavera07",-68.9098,-36.2266,-776.78,-492.527,"caro514",24-10-07,"noStart",FALSE,296,-30,29144.0247735278,296
"55",55,2,"25/10/07",25,"Oct","2007","Primavera07",-69.0189,-36.2056,-786.428,-490.784,"caro514",25-10-07,"noStart",FALSE,297,1,9804.18038389747,297
"56",56,2,"31/10/07",31,"Oct","2007","Primavera07",-69.1018,-36.0053,-795.033,-469.05,"caro514",31-10-07,"noStart",FALSE,303,6,23375.4739203294,303
"57",57,2,"5/11/07",5,"Nov","2007","Primavera07",-69.3016,-36.0495,-812.15,-475.038,"caro514",05-11-07,"noStart",FALSE,308,5,18134.1620429509,308
"58",58,5,"7/11/07",7,"Nov","2007","Primavera07",-69.235,-36.0901,-806.059,-479.17,"caro514",07-11-07,"noStart",FALSE,310,2,7360.27886699954,310
"59",59,2,"14/11/07",14,"Nov","2007","Primavera07",-69.2717,-36.0258,-809.707,-472.253,"caro514",14-11-07,"noStart",FALSE,317,7,7820.02512783687,317
"60",60,5,"20/11/07",20,"Nov","2007","Primavera07",-69.276,-36.0307,-810.043,-472.815,"caro514",20-11-07,"noStart",FALSE,323,6,654.782406605431,323
"61",61,6,"28/11/07",28,"Nov","2007","Primavera07",-69.2937,-36.0415,-811.513,-474.108,"caro514",28-11-07,"noStart",FALSE,331,8,1957.74078978807,331
"91",91,1,"6/1/07",6,"Jan","2007","Verano",-69.3404,-35.9635,-816.136,-465.731,"Iris474",06-01-07,"noStart",FALSE,5,16,10001.3924030607,5
"92",92,4,"9/1/07",9,"Jan","2007","Verano",-69.242,-36.035,-807.056,-473.099,"Iris474",09-01-07,"noStart",FALSE,8,3,11693.3239072558,8
"93",93,2,"11/1/07",11,"Jan","2007","Verano",-69.3205,-36.0346,-813.899,-473.496,"Iris474",11-01-07,"noStart",FALSE,10,2,6854.50640090153,10
"94",94,2,"15/1/07",15,"Jan","2007","Verano",-69.3181,-35.9655,-814.176,-465.835,"Iris474",15-01-07,"noStart",FALSE,14,4,7666.00613096546,14
"95",95,2,"18/1/07",18,"Jan","2007","Verano",-69.2956,-36.0492,-811.623,-474.971,"Iris474",18-01-07,"noStart",FALSE,17,3,9486.00574530714,17
"96",96,3,"23/1/07",23,"Jan","2007","Verano",-69.2689,-36.0607,-809.219,-476.098,"Iris474",23-01-07,"noStart",FALSE,22,5,2655.06026296956,22
"97",97,2,"28/1/07",28,"Jan","2007","Verano",-69.0352,-36.1257,-788.396,-482.021,"Iris474",28-01-07,"noStart",FALSE,27,5,21649.001316458,27
"98",98,3,"1/2/07",1,"Feb","2007","Verano",-69.2646,-36.0149,-809.16,-471.007,"Iris474",01-02-07,"noStart",FALSE,31,4,23504.2951819449,31
"99",99,2,"31/1/07",31,"Jan","2007","Verano",-69.3676,-35.9772,-818.416,-467.403,"Iris474",31-01-07,"noStart",FALSE,30,-1,9932.89242869367,30
"100",100,2,"6/2/07",6,"Feb","2007","Verano",-69.4438,-36.036,-824.642,-474.34,"Iris474",06-02-07,"noStart",FALSE,36,6,9321.2147813469,36
"101",101,5,"8/2/07",8,"Feb","2007","Verano",-69.1039,-36.0591,-794.838,-475.015,"Iris474",08-02-07,"noStart",FALSE,38,2,29811.6427088478,38
"102",102,4,"13/2/07",13,"Feb","2007","Verano",-69.2755,-36.0122,-810.136,-470.764,"Iris474",13-02-07,"noStart",FALSE,43,5,15877.651117215,43
"103",103,2,"14/2/07",14,"Feb","2007","Verano",-69.2619,-36.0291,-808.832,-472.56,"Iris474",14-02-07,"noStart",FALSE,44,1,2219.46660258721,44
"104",104,5,"20/2/07",20,"Feb","2007","Verano",-69.313,-36.0314,-813.265,-473.1,"Iris474",20-02-07,"noStart",FALSE,50,6,4465.76857886747,50
"105",105,3,"28/2/07",28,"Feb","2007","Verano",-69.1521,-36.0096,-799.39,-469.799,"Iris474",28-02-07,"noStart",FALSE,58,8,14262.2658087697,58
"107",107,1,"6/3/07",6,"Mar","2007","Verano",-69.1688,-36.0491,-800.574,-474.264,"Iris474",06-03-07,"noStart",FALSE,64,97,5754.05430978888,64
"108",108,2,"7/3/07",7,"Mar","2007","Verano",-69.0791,-36.0399,-792.809,-472.75,"Iris474",07-03-07,"noStart",FALSE,65,1,7911.22120787935,65
"109",109,2,"14/3/07",14,"Mar","2007","Verano",-69.1283,-36.0979,-796.696,-479.443,"Iris474",14-03-07,"noStart",FALSE,72,7,7739.83320233711,72
"110",110,5,"15/3/07",15,"Mar","2007","Verano",-69.0307,-36.0198,-788.729,-470.272,"Iris474",15-03-07,"noStart",FALSE,73,1,12148.2644851024,73
"111",111,2,"20/3/07",20,"Mar","2007","Verano",-69.0523,-36.0362,-790.502,-472.199,"Iris474",20-03-07,"noStart",FALSE,78,5,2618.56029145788,78
"112",112,5,"11/4/07",11,"Apr","2007","Oto켹",-68.8207,-36.0877,-769.954,-476.669,"Iris474",11-04-07,"noStart",FALSE,100,22,21028.5806463489,100
"113",113,2,"18/4/07",18,"Apr","2007","Oto켹",-68.8131,-36.0396,-769.618,-471.295,"Iris474",18-04-07,"noStart",FALSE,107,7,5384.49366236046,107
"114",114,5,"24/4/07",24,"Apr","2007","Oto켹",-69.1239,-36.0392,-796.722,-472.925,"Iris474",24-04-07,"noStart",FALSE,113,6,27152.9688247897,113
"115",115,5,"1/5/07",1,"May","2007","Oto켹",-69.1733,-36.064,-800.862,-475.934,"Iris474",01-05-07,"noStart",FALSE,120,7,5117.97626020285,120
"116",116,5,"3/5/07",3,"May","2007","Oto켹",-69.1581,-36.057,-799.584,-475.078,"Iris474",03-05-07,"noStart",FALSE,122,2,1538.18724477874,122
"117",117,5,"8/5/07",8,"May","2007","Oto켹",-69.2456,-35.9682,-807.835,-465.731,"Iris474",08-05-07,"noStart",FALSE,127,5,12467.7748616183,127
"118",118,2,"10/5/07",10,"May","2007","Oto켹",-69.2221,-35.9974,-805.584,-468.831,"Iris474",10-05-07,"noStart",FALSE,129,2,3831.05742582906,129
"119",119,2,"15/5/07",15,"May","2007","Oto켹",-69.2196,-35.9809,-805.478,-466.992,"Iris474",15-05-07,"noStart",FALSE,134,5,1842.05238796295,134
"120",120,5,"17/5/07",17,"May","2007","Oto켹",-69.1886,-35.9296,-803.126,-461.134,"Iris474",17-05-07,"noStart",FALSE,136,2,6312.53261377714,136
"121",121,5,"22/5/07",22,"May","2007","Oto켹",-69.2507,-35.9492,-808.411,-463.653,"Iris474",22-05-07,"noStart",FALSE,141,5,5854.62091001629,141
"122",122,1,"23/5/07",23,"May","2007","Oto켹",-69.1971,-35.9372,-803.815,-462.024,"Iris474",23-05-07,"noStart",FALSE,142,1,4876.15186391892,142
"123",123,5,"5/6/07",5,"Jun","2007","Oto켹",-69.2148,-35.9632,-805.182,-465,"Iris474",05-06-07,"noStart",FALSE,155,13,3274.94503770674,155
"124",124,1,"6/6/07",6,"Jun","2007","Oto켹",-69.0754,-35.9582,-793.05,-463.691,"Iris474",06-06-07,"noStart",FALSE,156,1,12202.4139005362,156
"125",125,5,"11/6/07",11,"Jun","2007","Oto켹",-69.1948,-35.8992,-803.881,-457.811,"Iris474",11-06-07,"noStart",FALSE,161,5,12324.1616753433,161
"126",126,3,"19/6/07",19,"Jun","2007","Oto켹",-69.099,-36.1454,-793.818,-484.55,"Iris474",19-06-07,"noStart",FALSE,169,8,28569.8808187924,169
"127",127,5,"20/6/07",20,"Jun","2007","Oto켹",-68.8942,-36.2328,-775.382,-493.129,"Iris474",20-06-07,"noStart",FALSE,170,1,20334.3388631153,170
"128",128,5,"21/6/07",21,"Jun","2007","Invierno07",-69.0706,-36.1455,-791.344,-484.4,"Iris474",21-06-07,"noStart",FALSE,171,1,18192.8800633655,171
"129",129,5,"27/6/07",27,"Jun","2007","Invierno07",-68.919,-36.343,-776.796,-505.466,"Iris474",27-06-07,"noStart",FALSE,177,6,25601.1847382108,177
"130",130,2,"28/6/07",28,"Jun","2007","Invierno07",-68.9412,-36.4073,-778.289,-512.701,"Iris474",28-06-07,"noStart",FALSE,178,1,7387.44028740673,178
"131",131,2,"4/7/07",4,"Jul","2007","Invierno07",-69.0821,-36.1774,-792.125,-487.997,"Iris474",04-07-07,"noStart",FALSE,184,6,28314.7048722038,184
"132",132,3,"18/7/07",18,"Jul","2007","Invierno07",-68.9497,-36.1795,-780.578,-487.521,"Iris474",18-07-07,"noStart",FALSE,198,14,11556.8068686813,198
"133",133,2,"29/8/07",29,"Aug","2007","Invierno07",-68.6848,-36.4546,-755.686,-516.602,"Iris474",29-08-07,"noStart",FALSE,240,42,38279.4491209056,240
"134",134,2,"2/9/07",2,"Sep","2007","Invierno07",-68.7561,-36.3678,-762.461,-507.355,"Iris474",02-09-07,"noStart",FALSE,244,4,11463.3168847415,244
"135",135,5,"10/9/07",10,"Sep","2007","Invierno07",-68.7458,-36.3213,-761.871,-502.149,"Iris474",10-09-07,"noStart",FALSE,252,8,5239.32591084006,252
"136",136,2,"19/9/07",19,"Sep","2007","Invierno07",-68.6155,-36.4112,-749.951,-511.436,"Iris474",19-09-07,"noStart",FALSE,261,9,15110.7501137435,261
"137",137,5,"31/8/07",31,"Aug","2007","Invierno07",-68.8744,-36.4058,-772.494,-512.187,"Iris474",31-08-07,"noStart",FALSE,242,-19,22555.5059796937,242
"138",138,2,"27/9/07",27,"Sep","2007","Primavera07",-69.0351,-36.3428,-786.894,-506.064,"Iris474",27-09-07,"noStart",FALSE,269,27,15647.719610218,269
"139",139,3,"3/10/07",3,"Oct","2007","Primavera07",-68.7022,-36.2262,-758.713,-491.388,"Iris474",03-10-07,"noStart",FALSE,275,6,31773.4753686153,275
"140",140,3,"17/10/07",17,"Oct","2007","Primavera07",-69.0638,-36.1225,-790.908,-481.816,"Iris474",17-10-07,"noStart",FALSE,289,14,33587.8134001009,289
"141",141,3,"6/11/07",6,"Nov","2007","Primavera07",-68.8092,-36.0957,-768.895,-477.497,"Iris474",06-11-07,"noStart",FALSE,309,20,22432.6977869359,309
"142",142,5,"29/11/07",29,"Nov","2007","Primavera07",-68.8328,-36.1126,-770.843,-479.492,"Iris474",29-11-07,"noStart",FALSE,332,23,2788.32010357491,332
"143",143,5,"18/12/07",18,"Dec","2007","Primavera07",-68.631,-36.1862,-752.775,-486.587,"Iris474",18-12-07,"noStart",FALSE,351,19,19411.1217862338,351
"171",171,5,"30/1/07",30,"Jan","2007","Verano",-69.3642,-36.0078,-817.906,-470.775,"Name213",30-01-07,"noStart",FALSE,29,62,8753.14720543417,29
"172",172,5,"31/1/07",31,"Jan","2007","Verano",-69.274,-36.0042,-810.057,-469.871,"Name213",31-01-07,"noStart",FALSE,30,1,7900.88710209176,30
"173",173,5,"1/2/07",1,"Feb","2007","Verano",-69.228,-36.0839,-805.487,-478.439,"Name213",01-02-07,"noStart",FALSE,31,1,9710.58824170812,31
"174",174,2,"6/2/07",6,"Feb","2007","Verano",-69.2882,-36.0427,-811.03,-474.215,"Name213",06-02-07,"noStart",FALSE,36,5,6969.00459176201,36
"175",175,5,"13/2/07",13,"Feb","2007","Verano",-69.2827,-36.0363,-810.589,-473.475,"Name213",13-02-07,"noStart",FALSE,43,7,861.441234211597,43
"176",176,6,"20/2/07",20,"Feb","2007","Verano",-69.2669,-36.0477,-809.138,-474.649,"Name213",20-02-07,"noStart",FALSE,50,7,1866.46108987035,50
"177",177,5,"28/2/07",28,"Feb","2007","Verano",-69.3862,-36.0049,-819.843,-470.57,"Name213",28-02-07,"noStart",FALSE,58,8,11455.7961748627,58
"178",178,3,"6/3/07",6,"Mar","2007","Verano",-69.2669,-36.0385,-809.202,-473.628,"Name213",06-03-07,"noStart",FALSE,64,6,11071.6866375453,64
"179",179,5,"9/3/07",9,"Mar","2007","Verano",-69.1903,-36.0647,-802.335,-476.105,"Name213",09-03-07,"noStart",FALSE,67,3,7300.08342418085,67
"180",180,5,"14/3/07",14,"Mar","2007","Verano",-69.2522,-36.0292,-807.98,-472.518,"Name213",14-03-07,"noStart",FALSE,72,5,6688.24296807465,72
"181",181,3,"27/3/07",27,"Mar","2007","Oto켹",-69.2869,-36.0308,-810.995,-472.89,"Name213",27-03-07,"noStart",FALSE,85,13,3037.86257095347,85
"182",182,3,"2/4/07",2,"Apr","2007","Oto켹",-69.2147,-36.0164,-804.805,-470.893,"Name213",02-04-07,"noStart",FALSE,91,6,6504.16089899381,91
"183",183,5,"3/4/07",3,"Apr","2007","Oto켹",-69.2522,-35.999,-808.19,-469.179,"Name213",03-04-07,"noStart",FALSE,92,1,3794.20887669617,92
"184",184,5,"10/4/07",10,"Apr","2007","Oto켹",-69.2614,-35.9568,-809.291,-464.547,"Name213",10-04-07,"noStart",FALSE,99,7,4761.05292976249,99
"185",185,1,"12/4/07",12,"Apr","2007","Oto켹",-69.2329,-35.9574,-806.798,-464.46,"Name213",12-04-07,"noStart",FALSE,101,2,2494.51758863312,101
"186",186,4,"17/4/07",17,"Apr","2007","Oto켹",-69.3097,-35.8649,-814.159,-454.645,"Name213",17-04-07,"noStart",FALSE,106,5,12268.6000016302,106
"187",187,5,"19/4/07",19,"Apr","2007","Oto켹",-69.2269,-35.9841,-806.091,-467.385,"Name213",19-04-07,"noStart",FALSE,108,2,15079.7952240738,108
"188",188,5,"24/4/07",24,"Apr","2007","Oto켹",-69.2487,-36.0195,-807.746,-471.424,"Name213",24-04-07,"noStart",FALSE,113,5,4364.92222152927,113
"189",189,4,"1/5/07",1,"May","2007","Oto켹",-69.236,-36.0103,-806.699,-470.33,"Name213",01-05-07,"noStart",FALSE,120,7,1514.28035713338,120
"190",190,5,"3/5/07",3,"May","2007","Oto켹",-69.2274,-36.0311,-805.805,-472.593,"Name213",03-05-07,"noStart",FALSE,122,2,2433.18823768323,122
"191",191,3,"8/5/07",8,"May","2007","Oto켹",-69.2442,-36.0223,-807.331,-471.707,"Name213",08-05-07,"noStart",FALSE,127,5,1764.56000181348,127
"192",192,2,"10/5/07",10,"May","2007","Oto켹",-69.2627,-36.0055,-809.068,-469.951,"Name213",10-05-07,"noStart",FALSE,129,2,2469.96052600037,129
"193",193,5,"15/5/07",15,"May","2007","Oto켹",-69.2248,-36.032,-805.57,-472.675,"Name213",15-05-07,"noStart",FALSE,134,5,4433.52906836078,134
"194",194,5,"17/5/07",17,"May","2007","Oto켹",-69.243,-36.0323,-807.159,-472.809,"Name213",17-05-07,"noStart",FALSE,136,2,1594.64008478402,136
"195",195,5,"22/5/07",22,"May","2007","Oto켹",-69.2402,-36.0584,-806.733,-475.687,"Name213",22-05-07,"noStart",FALSE,141,5,2909.35731734691,141
"196",196,3,"23/5/07",23,"May","2007","Oto켹",-69.1421,-36.0313,-798.363,-472.145,"Name213",23-05-07,"noStart",FALSE,142,1,9088.60077239616,142
"197",197,6,"24/5/07",24,"May","2007","Oto켹",-69.2572,-36.0387,-808.35,-473.594,"Name213",24-05-07,"noStart",FALSE,143,1,10091.5692535899,143
"198",198,5,"5/6/07",5,"Jun","2007","Oto켹",-69.2221,-36.0456,-805.243,-474.17,"Name213",05-06-07,"noStart",FALSE,155,12,3159.94066399988,155
"199",199,5,"6/6/07",6,"Jun","2007","Oto켹",-69.0512,-36.036,-790.402,-472.17,"Name213",06-06-07,"noStart",FALSE,156,1,14975.1554582916,156
"200",200,5,"11/6/07",11,"Jun","2007","Oto켹",-69.1521,-36.0831,-798.877,-477.935,"Name213",11-06-07,"noStart",FALSE,161,5,10249.9195118791,161
"201",201,5,"12/6/07",12,"Jun","2007","Oto켹",-69.0478,-36.0444,-790.05,-473.083,"Name213",12-06-07,"noStart",FALSE,162,1,10072.6279093393,162
"202",202,5,"20/6/07",20,"Jun","2007","Oto켹",-68.8964,-36.2416,-775.513,-494.117,"Name213",20-06-07,"noStart",FALSE,170,8,25568.6042833785,170
"203",203,2,"21/6/07",21,"Jun","2007","Invierno07",-69.075,-36.1245,-791.872,-482.097,"Name213",21-06-07,"noStart",FALSE,171,1,20300.1793341832,171
"204",204,2,"27/6/07",27,"Jun","2007","Invierno07",-68.7939,-36.2513,-766.523,-494.642,"Name213",27-06-07,"noStart",FALSE,177,6,28283.3665959341,177
"205",205,2,"3/7/07",3,"Jul","2007","Invierno07",-68.9869,-36.2098,-783.611,-491.078,"Name213",03-07-07,"noStart",FALSE,183,6,17455.7108133699,183
"206",206,5,"19/7/07",19,"Jul","2007","Invierno07",-69.144,-36.0746,-798.229,-476.955,"Name213",19-07-07,"noStart",FALSE,199,16,20325.9699153571,199
"207",207,4,"24/7/07",24,"Jul","2007","Invierno07",-69.0854,-36.0778,-793.097,-476.982,"Name213",24-07-07,"noStart",FALSE,204,5,5132.07102445007,204
"208",208,1,"25/7/07",25,"Jul","2007","Invierno07",-68.9556,-36.125,-781.46,-481.518,"Name213",25-07-07,"noStart",FALSE,205,1,12489.7984371246,205
"209",209,2,"15/8/07",15,"Aug","2007","Invierno07",-69.1144,-36.1557,-795.088,-485.77,"Name213",15-08-07,"noStart",FALSE,226,21,14275.9198652836,226
"210",210,2,"7/9/07",7,"Sep","2007","Invierno07",-69.1069,-36.1827,-794.252,-488.725,"Name213",07-09-07,"noStart",FALSE,249,23,3070.98046232795,249
"211",211,2,"10/9/07",10,"Sep","2007","Invierno07",-68.6722,-36.3782,-755.099,-508.07,"Name213",10-09-07,"noStart",FALSE,252,3,43671.3456857011,252
"212",212,5,"19/9/07",19,"Sep","2007","Invierno07",-68.6332,-36.4022,-751.55,-510.528,"Name213",19-09-07,"noStart",FALSE,261,9,4317.07829440236,261
"213",213,5,"7/8/07",7,"Aug","2007","Invierno07",-68.7519,-36.5337,-760.994,-525.703,"Name213",07-08-07,"noStart",FALSE,218,-43,17873.7170448679,218
"214",214,5,"27/9/07",27,"Sep","2007","Primavera07",-68.7953,-36.2977,-766.34,-499.789,"Name213",27-09-07,"noStart",FALSE,269,51,26459.6884335398,269
"215",215,5,"16/10/07",16,"Oct","2007","Primavera07",-69.188,-36.0512,-802.231,-474.604,"Name213",16-10-07,"noStart",FALSE,288,19,43845.7307613866,288
"216",216,5,"17/10/07",17,"Oct","2007","Primavera07",-69.2644,-36.0272,-809.057,-472.361,"Name213",17-10-07,"noStart",FALSE,289,1,7185.07654795688,289
"217",217,5,"23/10/07",23,"Oct","2007","Primavera07",-69.4223,-36.1223,-822.149,-483.781,"Name213",23-10-07,"noStart",FALSE,295,6,17372.8772516242,295
"218",218,2,"24/10/07",24,"Oct","2007","Primavera07",-69.0259,-36.1474,-787.436,-484.378,"Name213",24-10-07,"noStart",FALSE,296,1,34718.1332735503,296
"219",219,5,"25/10/07",25,"Oct","2007","Primavera07",-69.187,-36.0993,-801.804,-479.926,"Name213",25-10-07,"noStart",FALSE,297,1,15041.9323226772,297
"220",220,2,"31/10/07",31,"Oct","2007","Primavera07",-69.1964,-36.1004,-802.617,-480.093,"Name213",31-10-07,"noStart",FALSE,303,6,829.974698409536,303
"221",221,5,"5/11/07",5,"Nov","2007","Primavera07",-69.3032,-36.0246,-812.463,-472.296,"Name213",05-11-07,"noStart",FALSE,308,5,12559.3361687631,308
"222",222,2,"6/11/07",6,"Nov","2007","Primavera07",-69.1697,-35.9484,-801.35,-463.112,"Name213",06-11-07,"noStart",FALSE,309,1,14416.8174365912,309
"223",223,5,"7/11/07",7,"Nov","2007","Primavera07",-69.2239,-36.0635,-805.275,-476.165,"Name213",07-11-07,"noStart",FALSE,310,1,13630.3497387264,310
"224",224,5,"14/11/07",14,"Nov","2007","Primavera07",-69.2081,-36.0507,-803.986,-474.661,"Name213",14-11-07,"noStart",FALSE,317,7,1980.79201331185,317
"225",225,2,"15/11/07",15,"Nov","2007","Primavera07",-69.272,-36.0342,-809.671,-473.178,"Name213",15-11-07,"noStart",FALSE,318,1,5875.24586719569,318
"226",226,5,"20/11/07",20,"Nov","2007","Primavera07",-69.299,-36.0098,-812.199,-470.627,"Name213",20-11-07,"noStart",FALSE,323,5,3591.4321655852,323
"227",227,5,"22/11/07",22,"Nov","2007","Primavera07",-69.2268,-36.0502,-805.619,-474.707,"Name213",22-11-07,"noStart",FALSE,325,2,7742.27356788689,325
"228",228,5,"28/11/07",28,"Nov","2007","Primavera07",-69.3121,-36.0248,-813.24,-472.359,"Name213",28-11-07,"noStart",FALSE,331,6,7974.50594080912,331
"229",229,4,"5/12/07",5,"Dec","2007","Primavera07",-69.3474,-35.956,-816.807,-464.937,"Name213",05-12-07,"noStart",FALSE,338,7,8234.65682345051,338
"230",230,5,"12/12/07",12,"Dec","2007","Primavera07",-69.3135,-36.0123,-813.445,-470.981,"Name213",12-12-07,"noStart",FALSE,345,7,6916.13909634559,345
"231",231,2,"19/12/07",19,"Dec","2007","Primavera07",-69.3179,-35.9564,-814.23,-464.822,"Name213",19-12-07,"noStart",FALSE,352,7,6208.82484855226,352
"359",359,3,"6/1/07",6,"Jan","2007","Verano",-69.232,-35.9928,-806.472,-468.379,"pablo097",06-01-07,"noStart",FALSE,5,7,14392.099117224,5
"360",360,4,"9/1/07",9,"Jan","2007","Verano",-69.2355,-36.0367,-806.473,-473.26,"pablo097",09-01-07,"noStart",FALSE,8,3,4881.00010243802,8
"361",361,5,"11/1/07",11,"Jan","2007","Verano",-69.3243,-36.01,-814.403,-470.791,"pablo097",11-01-07,"noStart",FALSE,10,2,8305.47175059912,10
"362",362,5,"15/01/07",15,"Jan","2007","Verano",-69.3186,-36.0305,-813.767,-473.026,"pablo097",15-01-07,"noStart",FALSE,14,4,2323.72997570716,14
"363",363,4,"18/01/07",18,"Jan","2007","Verano",-69.347,-36.0719,-815.95,-477.773,"pablo097",18-01-07,"noStart",FALSE,17,3,5224.89215199702,17
"364",364,4,"23/01/07",23,"Jan","2007","Verano",-69.2797,-36.0742,-810.067,-477.656,"pablo097",23-01-07,"noStart",FALSE,22,5,5884.16332200254,22
"365",365,5,"31/01/07",31,"Jan","2007","Verano",-69.3385,-36.0018,-815.704,-469.959,"pablo097",31-01-07,"noStart",FALSE,30,8,9540.41812500899,30
"366",366,3,"1/2/07",1,"Feb","2007","Verano",-69.1723,-36.082,-800.65,-477.926,"pablo097",01-02-07,"noStart",FALSE,31,1,17032.2049365313,31
"367",367,1,"6/2/07",6,"Feb","2007","Verano",-69.2922,-36.0178,-811.552,-471.476,"pablo097",06-02-07,"noStart",FALSE,36,5,12667.1269039195,36
"368",368,2,"8/2/07",8,"Feb","2007","Verano",-69.173,-36.0499,-800.93,-474.378,"pablo097",08-02-07,"noStart",FALSE,38,2,11011.2891161753,38
"369",369,4,"14/02/07",14,"Feb","2007","Verano",-69.2262,-36.067,-805.451,-476.556,"pablo097",14-02-07,"noStart",FALSE,44,6,5018.27908749603,44
"370",370,4,"20/02/07",20,"Feb","2007","Verano",-69.2796,-36.0378,-810.311,-473.62,"pablo097",20-02-07,"noStart",FALSE,50,6,5678.00105671001,50
"371",371,1,"6/3/07",6,"Mar","2007","Verano",-69.362,-36.0251,-817.591,-472.673,"pablo097",06-03-07,"noStart",FALSE,64,14,7341.33564142112,64
"372",372,2,"9/3/07",9,"Mar","2007","Verano",-69.1756,-36.0833,-800.923,-478.091,"pablo097",09-03-07,"noStart",FALSE,67,3,17526.4642184327,67
"373",373,2,"14/3/07",14,"Mar","2007","Verano",-69.3117,-36.0294,-813.174,-472.871,"pablo097",14-03-07,"noStart",FALSE,72,5,13316.7338713365,72
"374",374,3,"2/4/07",2,"Apr","2007","Oto켹",-69.2458,-36.0447,-807.319,-474.195,"pablo097",02-04-07,"noStart",FALSE,91,19,6002.83274796158,91
"375",375,5,"3/4/07",3,"Apr","2007","Oto켹",-69.2366,-36.0463,-806.5,-474.325,"pablo097",03-04-07,"noStart",FALSE,92,1,829.253278558487,92
"376",376,2,"10/4/07",10,"Apr","2007","Oto켹",-69.2731,-36.0447,-809.694,-474.345,"pablo097",10-04-07,"noStart",FALSE,99,7,3194.06261679385,99
"377",377,2,"11/4/07",11,"Apr","2007","Oto켹",-69.0891,-36.0756,-793.439,-476.765,"pablo097",11-04-07,"noStart",FALSE,100,1,16434.1542222288,100
"378",378,5,"12/4/07",12,"Apr","2007","Oto켹",-69.2296,-36.0326,-805.991,-472.769,"pablo097",12-04-07,"noStart",FALSE,101,1,13172.7263692829,101
"379",379,2,"17/4/07",17,"Apr","2007","Oto켹",-69.2247,-36.0059,-805.75,-469.786,"pablo097",17-04-07,"noStart",FALSE,106,5,2992.71949905099,106
"380",380,3,"19/4/07",19,"Apr","2007","Oto켹",-69.2422,-36.0506,-806.957,-474.829,"pablo097",19-04-07,"noStart",FALSE,108,2,5185.43132246489,108
"381",381,5,"8/5/07",8,"May","2007","Oto켹",-69.2438,-36.0533,-807.081,-475.139,"pablo097",08-05-07,"noStart",FALSE,127,19,333.880218042339,127
"382",382,2,"10/5/07",10,"May","2007","Oto켹",-69.2482,-36.0462,-807.51,-474.379,"pablo097",10-05-07,"noStart",FALSE,129,2,872.720459253706,129
"383",383,6,"24/5/07",24,"May","2007","Oto켹",-69.3244,-36.1154,-813.67,-482.462,"pablo097",24-05-07,"noStart",FALSE,143,14,10162.7008713235,143
"384",384,5,"5/6/07",5,"Jun","2007","Oto켹",-69.3288,-36.0925,-814.212,-479.953,"pablo097",05-06-07,"noStart",FALSE,155,12,2566.87455868026,155
"385",385,2,"6/6/07",6,"Jun","2007","Oto켹",-69.1748,-36.1173,-800.622,-481.844,"pablo097",06-06-07,"noStart",FALSE,156,1,13720.9322205162,156
"386",386,4,"12/6/07",12,"Jun","2007","Oto켹",-69.0905,-36.1261,-793.207,-482.364,"pablo097",12-06-07,"noStart",FALSE,162,6,7433.21094817038,162
"387",387,5,"19/6/07",19,"Jun","2007","Oto켹",-69.1535,-36.0655,-799.126,-475.996,"pablo097",19-06-07,"noStart",FALSE,169,7,8694.02007129038,169
"388",388,5,"21/6/07",21,"Jun","2007","Invierno07",-69.082,-36.0662,-792.885,-475.68,"pablo097",21-06-07,"noStart",FALSE,171,2,6248.99487917857,171
"389",389,2,"26/6/07",26,"Jun","2007","Invierno07",-69.1564,-36.0439,-799.528,-473.62,"pablo097",26-06-07,"noStart",FALSE,176,5,6955.07361571393,176
"390",390,3,"28/6/07",28,"Jun","2007","Invierno07",-69.1237,-36.073,-796.471,-476.667,"pablo097",28-06-07,"noStart",FALSE,178,2,4316.18558451789,178
"391",391,3,"3/7/07",3,"Jul","2007","Invierno07",-69.1692,-36.0453,-800.635,-473.84,"pablo097",03-07-07,"noStart",FALSE,183,5,5032.97377302922,183
"392",392,4,"19/7/07",19,"Jul","2007","Invierno07",-69.1877,-35.9942,-802.6,-468.285,"pablo097",19-07-07,"noStart",FALSE,199,16,5892.30430307193,199
"393",393,3,"24/7/07",24,"Jul","2007","Invierno07",-69.2443,-36.0513,-807.138,-474.927,"pablo097",24-07-07,"noStart",FALSE,204,5,8044.22824141633,204
"394",394,4,"25/7/07",25,"Jul","2007","Invierno07",-69.1048,-36.0662,-794.867,-475.805,"pablo097",25-07-07,"noStart",FALSE,205,1,12302.3707064939,205
"395",395,4,"26/7/07",26,"Jul","2007","Invierno07",-69.25,-35.9897,-808.065,-468.134,"pablo097",26-07-07,"noStart",FALSE,206,1,15265.367502946,206
"396",396,4,"7/9/07",7,"Sep","2007","Invierno07",-69.2438,-36.0645,-807.001,-476.383,"pablo097",07-09-07,"noStart",FALSE,249,43,8317.33713396301,249
"397",397,2,"12/9/07",12,"Sep","2007","Invierno07",-69.2072,-36.0722,-803.761,-477.033,"pablo097",12-09-07,"noStart",FALSE,254,5,3304.55745902534,254
"398",398,2,"20/9/07",20,"Sep","2007","Invierno07",-69.3437,-36.0423,-815.865,-474.482,"pablo097",20-09-07,"noStart",FALSE,262,8,12369.8996358095,262
"399",399,5,"31/8/07",31,"Aug","2007","Invierno07",-68.8744,-36.5408,-771.585,-527.132,"pablo097",31-08-07,"noStart",FALSE,242,-20,68794.9191437856,242
"400",400,3,"26/9/07",26,"Sep","2007","Primavera07",-69.2566,-36.0607,-808.142,-476.031,"pablo097",26-09-07,"noStart",FALSE,268,26,62830.9354538033,268
"401",401,3,"2/10/07",2,"Oct","2007","Primavera07",-69.2639,-36.055,-808.825,-475.438,"pablo097",02-10-07,"noStart",FALSE,274,6,904.509811997637,274
"402",402,3,"16/10/07",16,"Oct","2007","Primavera07",-69.2427,-36.0648,-806.9,-476.408,"pablo097",16-10-07,"noStart",FALSE,288,14,2155.57996836118,288
"403",403,1,"17/10/07",17,"Oct","2007","Primavera07",-69.3065,-36.1156,-812.109,-482.383,"pablo097",17-10-07,"noStart",FALSE,289,1,7926.80932027509,289
"404",404,4,"23/10/07",23,"Oct","2007","Primavera07",-69.2901,-36.0689,-811.011,-477.124,"pablo097",23-10-07,"noStart",FALSE,295,6,5372.4003015412,295
"405",405,2,"24/10/07",24,"Oct","2007","Primavera07",-69.0093,-36.1221,-786.164,-481.483,"pablo097",24-10-07,"noStart",FALSE,296,1,25226.4601163144,296
"406",406,5,"25/10/07",25,"Oct","2007","Primavera07",-69.3843,-36.0509,-819.348,-475.655,"pablo097",25-10-07,"noStart",FALSE,297,1,33691.8898252977,297
"407",407,2,"31/10/07",31,"Oct","2007","Primavera07",-69.3114,-36.0492,-813.006,-475.066,"pablo097",31-10-07,"noStart",FALSE,303,6,6369.29234687811,303
"408",408,5,"5/11/07",5,"Nov","2007","Primavera07",-69.3029,-36.0487,-812.268,-474.958,"pablo097",05-11-07,"noStart",FALSE,308,5,745.860576783624,308
"409",409,5,"7/11/07",7,"Nov","2007","Primavera07",-69.2499,-36.0656,-807.525,-476.535,"pablo097",07-11-07,"noStart",FALSE,310,2,4998.29751015283,310
"410",410,2,"15/11/07",15,"Nov","2007","Primavera07",-69.2177,-36.0037,-805.151,-469.499,"pablo097",15-11-07,"noStart",FALSE,318,8,7425.71020172482,318
"411",411,5,"20/11/07",20,"Nov","2007","Primavera07",-69.2751,-36.0319,-809.963,-472.948,"pablo097",20-11-07,"noStart",FALSE,323,5,5920.38385579854,323
"412",412,2,"22/11/07",22,"Nov","2007","Primavera07",-69.2395,-36.0323,-806.856,-472.797,"pablo097",22-11-07,"noStart",FALSE,325,2,3110.66713101868,325
"413",413,5,"28/11/07",28,"Nov","2007","Primavera07",-69.3393,-36.0311,-815.561,-473.214,"pablo097",28-11-07,"noStart",FALSE,331,6,8714.98215718196,331
"414",414,4,"5/12/07",5,"Dec","2007","Primavera07",-69.17,-36.0779,-800.473,-477.459,"pablo097",05-12-07,"noStart",FALSE,338,7,15673.7924255746,338
"415",415,2,"12/12/07",12,"Dec","2007","Primavera07",-69.2993,-36.0434,-811.985,-474.354,"pablo097",12-12-07,"noStart",FALSE,345,7,11923.3874800746,345
"416",416,2,"19/12/07",19,"Dec","2007","Primavera07",-69.3965,-35.9671,-821.01,-466.446,"pablo097",19-12-07,"noStart",FALSE,352,7,11999.4620296078,352
"417",417,4,"20/12/07",20,"Dec","2007","Primavera07",-69.3808,-36.007,-819.354,-470.773,"pablo097",20-12-07,"noStart",FALSE,353,1,4633.0621623285,353
"454",454,5,"6/1/07",6,"Jan","2007","Verano",-69.2266,-36.0265,-805.765,-472.077,"su394",06-01-07,"noStart",FALSE,5,7,803.403385604019,5
"455",455,5,"9/1/07",9,"Jan","2007","Verano",-69.225,-36.0536,-805.441,-475.066,"su394",09-01-07,"noStart",FALSE,8,3,3006.50910525812,8
"456",456,2,"11/1/07",11,"Jan","2007","Verano",-69.2585,-36.0374,-808.475,-473.456,"su394",11-01-07,"noStart",FALSE,10,2,3434.71337959953,10
"457",457,4,"16/1/2007",16,"Jan","2007","Verano",-69.2171,-36.0356,-804.876,-473.028,"su394",16-01-07,"noStart",FALSE,15,5,3624.35994349347,15
"458",458,5,"18/1/2007",18,"Jan","2007","Verano",-69.2322,-36.0467,-806.117,-474.348,"su394",18-01-07,"noStart",FALSE,17,2,1811.76184969217,17
"459",459,4,"23/1/2007",23,"Jan","2007","Verano",-69.203,-36.0395,-803.623,-473.39,"su394",23-01-07,"noStart",FALSE,22,5,2671.66614680802,22
"460",460,3,"31/1/2007",31,"Jan","2007","Verano",-69.2549,-36.0237,-808.257,-471.921,"su394",31-01-07,"noStart",FALSE,30,8,4861.26701591262,30
"461",461,4,"6/2/07",6,"Feb","2007","Verano",-69.2558,-36.0342,-808.263,-473.092,"su394",06-02-07,"noStart",FALSE,36,6,1171.01537137648,36
"462",462,2,"8/2/07",8,"Feb","2007","Verano",-69.0446,-36.0178,-789.958,-470.119,"su394",08-02-07,"noStart",FALSE,38,2,18544.8578856782,38
"463",463,2,"13/2/2007",13,"Feb","2007","Verano",-69.2726,-36.0326,-809.74,-473.011,"su394",13-02-07,"noStart",FALSE,43,5,19992.2782093487,43
"464",464,2,"20/2/2007",20,"Feb","2007","Verano",-69.277,-36.0135,-810.256,-470.915,"su394",20-02-07,"noStart",FALSE,50,7,2158.58101538951,50
"465",465,2,"28/2/2007",28,"Feb","2007","Verano",-69.2803,-36.0408,-810.35,-473.962,"su394",28-02-07,"noStart",FALSE,58,8,3048.44960594726,58
"466",466,4,"9/3/07",9,"Mar","2007","Verano",-69.2749,-36.0387,-809.893,-473.697,"su394",09-03-07,"noStart",FALSE,67,9,528.274549831809,67
"467",467,3,"14/3/07",14,"Mar","2007","Verano",-69.2398,-36.0279,-806.908,-472.301,"su394",14-03-07,"noStart",FALSE,72,5,3295.30590385779,72
"468",468,2,"19/3/07",19,"Mar","2007","Verano",-69.2028,-35.9801,-804.02,-466.81,"su394",19-03-07,"noStart",FALSE,77,5,6204.16190955716,77
"469",469,3,"27/3/07",27,"Mar","2007","Oto켹",-69.2263,-36.0008,-805.918,-469.233,"su394",27-03-07,"noStart",FALSE,85,8,3077.87800278049,85
"470",470,3,"2/4/07",2,"Apr","2007","Oto켹",-69.2231,-36.0387,-805.377,-473.412,"su394",02-04-07,"noStart",FALSE,91,6,4213.87256570485,91
"471",471,6,"3/4/07",3,"Apr","2007","Oto켹",-69.1907,-36.0675,-802.348,-476.426,"su394",03-04-07,"noStart",FALSE,92,1,4273.05944260082,92
"472",472,2,"10/4/07",10,"Apr","2007","Oto켹",-69.1826,-36.0892,-801.49,-478.775,"su394",10-04-07,"noStart",FALSE,99,7,2500.79287427008,99
"473",473,2,"11/4/07",11,"Apr","2007","Oto켹",-69.006,-36.0928,-786.074,-478.215,"su394",11-04-07,"noStart",FALSE,100,1,15426.1678974397,100
"474",474,5,"12/4/07",12,"Apr","2007","Oto켹",-69.2483,-36.0928,-807.197,-479.536,"su394",12-04-07,"noStart",FALSE,101,1,21164.2663468404,101
"475",475,5,"17/4/07",17,"Apr","2007","Oto켹",-69.2492,-36.0243,-807.756,-471.96,"su394",17-04-07,"noStart",FALSE,106,5,7596.59509253981,106
"476",476,2,"19/4/07",19,"Apr","2007","Oto켹",-69.2242,-36.0579,-805.342,-475.539,"su394",19-04-07,"noStart",FALSE,108,2,4317.01714149944,108
"477",477,2,"24/4/07",24,"Apr","2007","Oto켹",-69.2636,-36.0216,-809.026,-471.739,"su394",24-04-07,"noStart",FALSE,113,5,5292.62279026193,113
"478",478,5,"1/5/07",1,"May","2007","Oto켹",-69.2309,-36.0335,-806.098,-472.875,"su394",01-05-07,"noStart",FALSE,120,7,3140.6496143314,120
"479",479,3,"3/5/07",3,"May","2007","Oto켹",-69.2559,-36.0268,-808.325,-472.271,"su394",03-05-07,"noStart",FALSE,122,2,2307.45422489808,122
"480",480,4,"8/5/07",8,"May","2007","Oto켹",-69.2556,-36.0451,-808.17,-474.295,"su394",08-05-07,"noStart",FALSE,127,5,2029.92635334388,127
"481",481,3,"10/5/07",10,"May","2007","Oto켹",-69.223,-36.0435,-805.336,-473.946,"su394",10-05-07,"noStart",FALSE,129,2,2855.40837709775,129
"482",482,5,"15/5/07",15,"May","2007","Oto켹",-69.2483,-36.0216,-807.697,-471.655,"su394",15-05-07,"noStart",FALSE,134,5,3289.83312646706,134
"483",483,5,"17/5/07",17,"May","2007","Oto켹",-69.2368,-36.0162,-806.729,-470.989,"su394",17-05-07,"noStart",FALSE,136,2,1174.98085090779,136
"484",484,2,"22/5/07",22,"May","2007","Oto켹",-69.2408,-35.9966,-807.212,-468.85,"su394",22-05-07,"noStart",FALSE,141,5,2192.85430432576,141
"485",485,5,"5/6/07",5,"Jun","2007","Oto켹",-69.3057,-36.0266,-812.665,-472.527,"su394",05-06-07,"noStart",FALSE,155,14,6576.89425184866,155
"486",486,5,"11/6/07",11,"Jun","2007","Oto켹",-69.3148,-36.0151,-813.537,-471.303,"su394",11-06-07,"noStart",FALSE,161,6,1502.85062464638,161
"487",487,2,"12/6/07",12,"Jun","2007","Oto켹",-69.1796,-36.0631,-801.416,-475.874,"su394",12-06-07,"noStart",FALSE,162,1,12954.2534327533,162
"488",488,4,"21/6/07",21,"Jun","2007","Invierno07",-69.0292,-36.2054,-787.323,-490.812,"su394",21-06-07,"noStart",FALSE,171,9,20536.7108612845,171
"489",489,4,"25/7/07",25,"Jul","2007","Invierno07",-68.9675,-36.2114,-781.913,-491.142,"su394",25-07-07,"noStart",FALSE,205,34,5420.05535027088,205
"490",490,5,"28/8/07",28,"Aug","2007","Invierno07",-69.108,-36.1806,-794.359,-488.494,"su394",28-08-07,"noStart",FALSE,239,34,12724.5754349605,239
"491",491,2,"19/9/07",19,"Sep","2007","Invierno07",-68.6785,-36.3265,-755.984,-502.379,"su394",19-09-07,"noStart",FALSE,261,22,40809.7273943358,261
"492",492,5,"7/8/07",7,"Aug","2007","Invierno07",-68.7004,-36.6153,-755.984,-534.482,"su394",07-08-07,"noStart",FALSE,218,-43,32103,218
"493",493,5,"27/9/07",27,"Sep","2007","Primavera07",-68.7487,-36.2777,-762.418,-497.335,"su394",27-09-07,"noStart",FALSE,269,51,37700.0791113228,269
"494",494,3,"2/10/07",2,"Oct","2007","Primavera07",-69.1978,-36.0483,-803.109,-474.334,"su394",02-10-07,"noStart",FALSE,274,5,46741.8814554998,274
"495",495,5,"4/10/07",4,"Oct","2007","Primavera07",-69.1558,-36.1077,-799.029,-480.683,"su394",04-10-07,"noStart",FALSE,276,2,7546.93321820195,276
"496",496,2,"16/10/07",16,"Oct","2007","Primavera07",-69.1913,-36.0293,-802.672,-472.194,"su394",16-10-07,"noStart",FALSE,288,12,9237.67124333833,288
"497",497,2,"17/10/07",17,"Oct","2007","Primavera07",-69.2592,-36.0425,-808.499,-474.033,"su394",17-10-07,"noStart",FALSE,289,1,6110.30686627112,289
"498",498,3,"23/10/07",23,"Oct","2007","Primavera07",-69.2248,-36.0052,-805.757,-469.706,"su394",23-10-07,"noStart",FALSE,295,6,5122.64511751497,295
"499",499,2,"24/10/07",24,"Oct","2007","Primavera07",-69.0494,-36.0531,-790.132,-474.061,"su394",24-10-07,"noStart",FALSE,296,1,16220.5625673094,296
"500",500,2,"25/10/07",25,"Oct","2007","Primavera07",-69.2308,-36.0533,-805.943,-475.07,"su394",25-10-07,"noStart",FALSE,297,1,15843.162626193,297
"501",501,3,"31/10/07",31,"Oct","2007","Primavera07",-69.2321,-36.0178,-806.31,-471.139,"su394",31-10-07,"noStart",FALSE,303,6,3948.09447708638,303
"502",502,5,"5/11/07",5,"Nov","2007","Primavera07",-69.246,-36.0207,-807.504,-471.546,"su394",05-11-07,"noStart",FALSE,308,5,1261.46145402862,308
"503",503,5,"7/11/07",7,"Nov","2007","Primavera07",-69.273,-36.0068,-809.952,-470.158,"su394",07-11-07,"noStart",FALSE,310,2,2814.11584694021,310
"504",504,3,"14/11/07",14,"Nov","2007","Primavera07",-69.2485,-36.0273,-807.672,-472.282,"su394",14-11-07,"noStart",FALSE,317,7,3116.05134745883,317
"505",505,3,"15/11/07",15,"Nov","2007","Primavera07",-69.2534,-36.015,-808.185,-470.954,"su394",15-11-07,"noStart",FALSE,318,1,1423.64075524691,318
"506",506,5,"20/11/07",20,"Nov","2007","Primavera07",-69.2575,-36.0036,-808.622,-469.711,"su394",20-11-07,"noStart",FALSE,323,5,1317.58035808068,323
"507",507,2,"22/11/07",22,"Nov","2007","Primavera07",-69.2583,-36.0093,-808.653,-470.348,"su394",22-11-07,"noStart",FALSE,325,2,637.75387101922,325
"508",508,5,"28/11/07",28,"Nov","2007","Primavera07",-69.2588,-36.0168,-808.641,-471.182,"su394",28-11-07,"noStart",FALSE,331,6,834.086326467471,331
"509",509,1,"5/12/07",5,"Dec","2007","Primavera07",-69.2412,-35.9935,-807.271,-468.508,"su394",05-12-07,"noStart",FALSE,338,7,3004.52591934235,338
"510",510,5,"12/12/07",12,"Dec","2007","Primavera07",-69.2448,-36.0157,-807.428,-470.978,"su394",12-12-07,"noStart",FALSE,345,7,2474.98464641702,345
"511",511,4,"19/12/07",19,"Dec","2007","Primavera07",-69.2424,-35.9822,-807.455,-467.257,"su394",19-12-07,"noStart",FALSE,352,7,3721.09795624893,352
